filename,C0,C1,C2,C3,C4,C5,C6,C7,C8,C9,C10,C11
00000000_written_15_C3_C9.png,0,0,0,1,0,0,0,0,0,1,0,0
00000001_written_16_C3.png,0,0,0,1,0,0,0,0,0,0,0,0
00000002_written_19_C1_C10.png,0,1,0,0,0,0,0,0,0,0,1,0
00000003_written_36_C1_C10.png,0,1,0,0,0,0,0,0,0,0,1,0
00000004_written_41_C1_C10.png,0,1,0,0,0,0,0,0,0,0,1,0
00000005_written_42_C3.png,0,0,0,1,0,0,0,0,0,0,0,0
00000006_written_37_C6.png,0,0,0,0,0,0,1,0,0,0,0,0
00000007_written_3_C0.png,1,0,0,0,0,0,0,0,0,0,0,0
00000008_written_38_C3_C6.png,0,0,0,1,0,0,1,0,0,0,0,0
00000009_written_40_C0.png,1,0,0,0,0,0,0,0,0,0,0,0
00000010_written_39_C1_C6_C10.png,0,1,0,0,0,0,1,0,0,0,1,0
00000011_written_43_C1_C10.png,0,1,0,0,0,0,0,0,0,0,1,0
00000012_written_44_C1_C3_C6_C10.png,0,1,0,1,0,0,1,0,0,0,1,0
00000013_written_46_C1_C10.png,0,1,0,0,0,0,0,0,0,0,1,0
00000014_written_45_C0.png,1,0,0,0,0,0,0,0,0,0,0,0
00000015_written_47_C0.png,1,0,0,0,0,0,0,0,0,0,0,0
00000016_written_48_C1_C3.png,0,1,0,1,0,0,0,0,0,0,0,0
00000017_written_49_C1_C3_C10.png,0,1,0,1,0,0,0,0,0,0,1,0
00000018_written_6_C1_C10.png,0,1,0,0,0,0,0,0,0,0,1,0
00000019_written_4_C0.png,1,0,0,0,0,0,0,0,0,0,0,0
00000020_written_5_C1_C10.png,0,1,0,0,0,0,0,0,0,0,1,0
00000021_written_7_C3.png,0,0,0,1,0,0,0,0,0,0,0,0
00000022_written_8_C1_C10.png,0,1,0,0,0,0,0,0,0,0,1,0
00000023_written_0_C11.png,0,0,0,0,0,0,0,0,0,0,0,1
00000024_written_9_C0.png,1,0,0,0,0,0,0,0,0,0,0,0
00000025_written_10_C6.png,0,0,0,0,0,0,1,0,0,0,0,0
00000026_written_11_C6.png,0,0,0,0,0,0,1,0,0,0,0,0
00000027_written_12_C1_C10.png,0,1,0,0,0,0,0,0,0,0,1,0
00000028_written_13_C1_C10.png,0,1,0,0,0,0,0,0,0,0,1,0
00000029_written_14_C1_C3.png,0,1,0,1,0,0,0,0,0,0,0,0
00000030_written_16_C3.png,0,0,0,1,0,0,0,0,0,0,0,0
00000031_written_15_C1_C3.png,0,1,0,1,0,0,0,0,0,0,0,0
00000032_written_1_C11.png,0,0,0,0,0,0,0,0,0,0,0,1
00000033_written_17_C0.png,1,0,0,0,0,0,0,0,0,0,0,0
00000034_written_18_C0.png,1,0,0,0,0,0,0,0,0,0,0,0
00000035_written_19_C6_C10.png,0,0,0,0,0,0,1,0,0,0,1,0
00000036_written_20_C1_C3.png,0,1,0,1,0,0,0,0,0,0,0,0
00000037_written_21_C1_C10.png,0,1,0,0,0,0,0,0,0,0,1,0
00000038_written_22_C0.png,1,0,0,0,0,0,0,0,0,0,0,0
00000039_written_23_C0.png,1,0,0,0,0,0,0,0,0,0,0,0
00000040_written_24_C0.png,1,0,0,0,0,0,0,0,0,0,0,0
00000041_written_25_C3.png,0,0,0,1,0,0,0,0,0,0,0,0
00000042_written_26_C3.png,0,0,0,1,0,0,0,0,0,0,0,0
00000043_written_27_C3.png,0,0,0,1,0,0,0,0,0,0,0,0
00000044_written_28_C3.png,0,0,0,1,0,0,0,0,0,0,0,0
00000045_written_2_C0.png,1,0,0,0,0,0,0,0,0,0,0,0
00000046_written_29_C0.png,1,0,0,0,0,0,0,0,0,0,0,0
00000047_written_30_C9.png,0,0,0,0,0,0,0,0,0,1,0,0
00000048_written_31_C9.png,0,0,0,0,0,0,0,0,0,1,0,0
00000049_written_32_C9.png,0,0,0,0,0,0,0,0,0,1,0,0
00000050_written_33_C3.png,0,0,0,1,0,0,0,0,0,0,0,0
00000051_written_34_C0.png,1,0,0,0,0,0,0,0,0,0,0,0
00000052_written_35_C3.png,0,0,0,1,0,0,0,0,0,0,0,0
00000053_written_4_C3.png,0,0,0,1,0,0,0,0,0,0,0,0
00000054_written_0_C0.png,1,0,0,0,0,0,0,0,0,0,0,0
00000055_written_6_C0.png,1,0,0,0,0,0,0,0,0,0,0,0
00000056_written_5_C1_C3.png,0,1,0,1,0,0,0,0,0,0,0,0
00000057_written_8_C3.png,0,0,0,1,0,0,0,0,0,0,0,0
00000058_written_7_C3_C9.png,0,0,0,1,0,0,0,0,0,1,0,0
00000059_written_9_C3.png,0,0,0,1,0,0,0,0,0,0,0,0
00000060_written_10_C0.png,1,0,0,0,0,0,0,0,0,0,0,0
00000061_written_12_C0.png,1,0,0,0,0,0,0,0,0,0,0,0
00000062_written_11_C0.png,1,0,0,0,0,0,0,0,0,0,0,0
00000063_written_13_C0.png,1,0,0,0,0,0,0,0,0,0,0,0
00000064_written_14_C0.png,1,0,0,0,0,0,0,0,0,0,0,0
00000065_written_15_C0.png,1,0,0,0,0,0,0,0,0,0,0,0
00000066_written_16_C0.png,1,0,0,0,0,0,0,0,0,0,0,0
00000067_written_17_C0.png,1,0,0,0,0,0,0,0,0,0,0,0
00000068_written_18_C0.png,1,0,0,0,0,0,0,0,0,0,0,0
00000069_written_1_C0.png,1,0,0,0,0,0,0,0,0,0,0,0
00000070_written_19_C0.png,1,0,0,0,0,0,0,0,0,0,0,0
00000071_written_20_C10.png,0,0,0,0,0,0,0,0,0,0,1,0
00000072_written_21_C0.png,1,0,0,0,0,0,0,0,0,0,0,0
00000073_written_22_C0.png,1,0,0,0,0,0,0,0,0,0,0,0
00000074_written_24_C0.png,1,0,0,0,0,0,0,0,0,0,0,0
00000075_written_23_C0.png,1,0,0,0,0,0,0,0,0,0,0,0
00000076_written_25_C1_C10.png,0,1,0,0,0,0,0,0,0,0,1,0
00000077_written_2_C0.png,1,0,0,0,0,0,0,0,0,0,0,0
00000078_written_26_C1_C10.png,0,1,0,0,0,0,0,0,0,0,1,0
00000079_written_27_C0.png,1,0,0,0,0,0,0,0,0,0,0,0
00000080_written_28_C0.png,1,0,0,0,0,0,0,0,0,0,0,0
00000081_written_29_C2_C10.png,0,0,1,0,0,0,0,0,0,0,1,0
00000082_written_30_C0.png,1,0,0,0,0,0,0,0,0,0,0,0
00000083_written_32_C0.png,1,0,0,0,0,0,0,0,0,0,0,0
00000084_written_31_C0.png,1,0,0,0,0,0,0,0,0,0,0,0
00000085_written_35_C9.png,0,0,0,0,0,0,0,0,0,1,0,0
00000086_written_3_C9.png,0,0,0,0,0,0,0,0,0,1,0,0
00000087_written_34_C9.png,0,0,0,0,0,0,0,0,0,1,0,0
00000088_written_33_C9.png,0,0,0,0,0,0,0,0,0,1,0,0
00000089_written_46_C0.png,1,0,0,0,0,0,0,0,0,0,0,0
00000090_written_45_C0.png,1,0,0,0,0,0,0,0,0,0,0,0
00000091_written_41_C0.png,1,0,0,0,0,0,0,0,0,0,0,0
00000092_written_44_C0.png,1,0,0,0,0,0,0,0,0,0,0,0
00000093_written_48_C0.png,1,0,0,0,0,0,0,0,0,0,0,0
00000094_written_43_C0.png,1,0,0,0,0,0,0,0,0,0,0,0
00000095_written_39_C0.png,1,0,0,0,0,0,0,0,0,0,0,0
00000096_written_38_C0.png,1,0,0,0,0,0,0,0,0,0,0,0
00000097_written_47_C1_C2.png,0,1,1,0,0,0,0,0,0,0,0,0
00000098_written_40_C0.png,1,0,0,0,0,0,0,0,0,0,0,0
00000099_written_42_C0.png,1,0,0,0,0,0,0,0,0,0,0,0
00000100_written_49_C1.png,0,1,0,0,0,0,0,0,0,0,0,0
00000101_written_36_C1_C3_C4_C10.png,0,1,0,1,1,0,0,0,0,0,1,0
00000102_written_37_C0.png,1,0,0,0,0,0,0,0,0,0,0,0
00000103_written_39_C0.png,1,0,0,0,0,0,0,0,0,0,0,0
00000104_written_35_C0.png,1,0,0,0,0,0,0,0,0,0,0,0
00000105_written_38_C0.png,1,0,0,0,0,0,0,0,0,0,0,0
00000106_written_37_C0.png,1,0,0,0,0,0,0,0,0,0,0,0
00000107_written_40_C0.png,1,0,0,0,0,0,0,0,0,0,0,0
00000108_written_3_C1_C3.png,0,1,0,1,0,0,0,0,0,0,0,0
00000109_written_34_C0.png,1,0,0,0,0,0,0,0,0,0,0,0
00000110_written_36_C0.png,1,0,0,0,0,0,0,0,0,0,0,0
00000111_written_41_C0.png,1,0,0,0,0,0,0,0,0,0,0,0
00000112_written_44_C0.png,1,0,0,0,0,0,0,0,0,0,0,0
00000113_written_42_C1_C10.png,0,1,0,0,0,0,0,0,0,0,1,0
00000114_written_45_C0.png,1,0,0,0,0,0,0,0,0,0,0,0
00000115_written_43_C0.png,1,0,0,0,0,0,0,0,0,0,0,0
00000116_written_46_C1_C10.png,0,1,0,0,0,0,0,0,0,0,1,0
00000117_written_47_C0.png,1,0,0,0,0,0,0,0,0,0,0,0
00000118_written_7_C1_C10.png,0,1,0,0,0,0,0,0,0,0,1,0
00000119_written_48_C0.png,1,0,0,0,0,0,0,0,0,0,0,0
00000120_written_0_C0.png,1,0,0,0,0,0,0,0,0,0,0,0
00000121_written_4_C1_C3_C10.png,0,1,0,1,0,0,0,0,0,0,1,0
00000122_written_5_C0.png,1,0,0,0,0,0,0,0,0,0,0,0
00000123_written_49_C0.png,1,0,0,0,0,0,0,0,0,0,0,0
00000124_written_6_C0.png,1,0,0,0,0,0,0,0,0,0,0,0
00000125_written_9_C3_C4.png,0,0,0,1,1,0,0,0,0,0,0,0
00000126_written_8_C1_C3_C10.png,0,1,0,1,0,0,0,0,0,0,1,0
00000127_written_12_C1_C3_C10.png,0,1,0,1,0,0,0,0,0,0,1,0
00000128_written_10_C0.png,1,0,0,0,0,0,0,0,0,0,0,0
00000129_written_11_C0.png,1,0,0,0,0,0,0,0,0,0,0,0
00000130_written_20_C0.png,1,0,0,0,0,0,0,0,0,0,0,0
00000131_written_14_C0.png,1,0,0,0,0,0,0,0,0,0,0,0
00000132_written_16_C1_C10.png,0,1,0,0,0,0,0,0,0,0,1,0
00000133_written_15_C0.png,1,0,0,0,0,0,0,0,0,0,0,0
00000134_written_1_C0.png,1,0,0,0,0,0,0,0,0,0,0,0
00000135_written_13_C0.png,1,0,0,0,0,0,0,0,0,0,0,0
00000136_written_18_C1_C3_C10.png,0,1,0,1,0,0,0,0,0,0,1,0
00000137_written_21_C1_C10.png,0,1,0,0,0,0,0,0,0,0,1,0
00000138_written_19_C0.png,1,0,0,0,0,0,0,0,0,0,0,0
00000139_written_17_C0.png,1,0,0,0,0,0,0,0,0,0,0,0
00000140_written_24_C0.png,1,0,0,0,0,0,0,0,0,0,0,0
00000141_written_25_C0.png,1,0,0,0,0,0,0,0,0,0,0,0
00000142_written_26_C1_C10.png,0,1,0,0,0,0,0,0,0,0,1,0
00000143_written_23_C0.png,1,0,0,0,0,0,0,0,0,0,0,0
00000144_written_22_C1_C3.png,0,1,0,1,0,0,0,0,0,0,0,0
00000145_written_28_C0.png,1,0,0,0,0,0,0,0,0,0,0,0
00000146_written_27_C0.png,1,0,0,0,0,0,0,0,0,0,0,0
00000147_written_31_C0.png,1,0,0,0,0,0,0,0,0,0,0,0
00000148_written_33_C1_C10.png,0,1,0,0,0,0,0,0,0,0,1,0
00000149_written_30_C0.png,1,0,0,0,0,0,0,0,0,0,0,0
00000150_written_2_C0.png,1,0,0,0,0,0,0,0,0,0,0,0
00000151_written_29_C1_C10.png,0,1,0,0,0,0,0,0,0,0,1,0
00000152_written_32_C0.png,1,0,0,0,0,0,0,0,0,0,0,0
00000153_written_45_C0.png,1,0,0,0,0,0,0,0,0,0,0,0
00000154_written_37_C0.png,1,0,0,0,0,0,0,0,0,0,0,0
00000155_written_44_C0.png,1,0,0,0,0,0,0,0,0,0,0,0
00000156_written_38_C0.png,1,0,0,0,0,0,0,0,0,0,0,0
00000157_written_4_C0.png,1,0,0,0,0,0,0,0,0,0,0,0
00000158_written_39_C0.png,1,0,0,0,0,0,0,0,0,0,0,0
00000159_written_41_C0.png,1,0,0,0,0,0,0,0,0,0,0,0
00000160_written_46_C0.png,1,0,0,0,0,0,0,0,0,0,0,0
00000161_written_42_C0.png,1,0,0,0,0,0,0,0,0,0,0,0
00000162_written_43_C3.png,0,0,0,1,0,0,0,0,0,0,0,0
00000163_written_40_C0.png,1,0,0,0,0,0,0,0,0,0,0,0
00000164_written_49_C0.png,1,0,0,0,0,0,0,0,0,0,0,0
00000165_written_48_C0.png,1,0,0,0,0,0,0,0,0,0,0,0
00000166_written_47_C0.png,1,0,0,0,0,0,0,0,0,0,0,0
00000167_written_5_C0.png,1,0,0,0,0,0,0,0,0,0,0,0
00000168_written_6_C0.png,1,0,0,0,0,0,0,0,0,0,0,0
00000169_written_8_C10.png,0,0,0,0,0,0,0,0,0,0,1,0
00000170_written_7_C0.png,1,0,0,0,0,0,0,0,0,0,0,0
00000171_written_0_C0.png,1,0,0,0,0,0,0,0,0,0,0,0
00000172_written_10_C0.png,1,0,0,0,0,0,0,0,0,0,0,0
00000173_written_9_C3.png,0,0,0,1,0,0,0,0,0,0,0,0
00000174_written_11_C0.png,1,0,0,0,0,0,0,0,0,0,0,0
00000175_written_12_C0.png,1,0,0,0,0,0,0,0,0,0,0,0
00000176_written_13_C0.png,1,0,0,0,0,0,0,0,0,0,0,0
00000177_written_14_C0.png,1,0,0,0,0,0,0,0,0,0,0,0
00000178_written_15_C10.png,0,0,0,0,0,0,0,0,0,0,1,0
00000179_written_1_C0.png,1,0,0,0,0,0,0,0,0,0,0,0
00000180_written_16_C1_C3.png,0,1,0,1,0,0,0,0,0,0,0,0
00000181_written_17_C0.png,1,0,0,0,0,0,0,0,0,0,0,0
00000182_written_19_C3.png,0,0,0,1,0,0,0,0,0,0,0,0
00000183_written_18_C0.png,1,0,0,0,0,0,0,0,0,0,0,0
00000184_written_20_C0.png,1,0,0,0,0,0,0,0,0,0,0,0
00000185_written_2_C0.png,1,0,0,0,0,0,0,0,0,0,0,0
00000186_written_22_C0.png,1,0,0,0,0,0,0,0,0,0,0,0
00000187_written_21_C0.png,1,0,0,0,0,0,0,0,0,0,0,0
00000188_written_23_C0.png,1,0,0,0,0,0,0,0,0,0,0,0
00000189_written_24_C0.png,1,0,0,0,0,0,0,0,0,0,0,0
00000190_written_25_C0.png,1,0,0,0,0,0,0,0,0,0,0,0
00000191_written_26_C0.png,1,0,0,0,0,0,0,0,0,0,0,0
00000192_written_27_C0.png,1,0,0,0,0,0,0,0,0,0,0,0
00000193_written_28_C0.png,1,0,0,0,0,0,0,0,0,0,0,0
00000194_written_29_C1_C3.png,0,1,0,1,0,0,0,0,0,0,0,0
00000195_written_30_C1.png,0,1,0,0,0,0,0,0,0,0,0,0
00000196_written_31_C1.png,0,1,0,0,0,0,0,0,0,0,0,0
00000197_written_32_C0.png,1,0,0,0,0,0,0,0,0,0,0,0
00000198_written_3_C0.png,1,0,0,0,0,0,0,0,0,0,0,0
00000199_written_33_C0.png,1,0,0,0,0,0,0,0,0,0,0,0
00000200_written_34_C0.png,1,0,0,0,0,0,0,0,0,0,0,0
00000201_written_35_C0.png,1,0,0,0,0,0,0,0,0,0,0,0
00000202_written_36_C0.png,1,0,0,0,0,0,0,0,0,0,0,0
00000203_written_4_C1_C3.png,0,1,0,1,0,0,0,0,0,0,0,0
00000204_written_41_C2.png,0,0,1,0,0,0,0,0,0,0,0,0
00000205_written_43_C2.png,0,0,1,0,0,0,0,0,0,0,0,0
00000206_written_47_C2.png,0,0,1,0,0,0,0,0,0,0,0,0
00000207_written_42_C2.png,0,0,1,0,0,0,0,0,0,0,0,0
00000208_written_3_C4.png,0,0,0,0,1,0,0,0,0,0,0,0
00000209_written_46_C2.png,0,0,1,0,0,0,0,0,0,0,0,0
00000210_written_44_C2.png,0,0,1,0,0,0,0,0,0,0,0,0
00000211_written_48_C2.png,0,0,1,0,0,0,0,0,0,0,0,0
00000212_written_49_C2.png,0,0,1,0,0,0,0,0,0,0,0,0
00000213_written_45_C2.png,0,0,1,0,0,0,0,0,0,0,0,0
00000214_written_0_C2.png,0,0,1,0,0,0,0,0,0,0,0,0
00000215_written_6_C0.png,1,0,0,0,0,0,0,0,0,0,0,0
00000216_written_8_C0.png,1,0,0,0,0,0,0,0,0,0,0,0
00000217_written_9_C0.png,1,0,0,0,0,0,0,0,0,0,0,0
00000218_written_7_C1_C2_C7.png,0,1,1,0,0,0,0,1,0,0,0,0
00000219_written_5_C2.png,0,0,1,0,0,0,0,0,0,0,0,0
00000220_written_16_C9.png,0,0,0,0,0,0,0,0,0,1,0,0
00000221_written_10_C0.png,1,0,0,0,0,0,0,0,0,0,0,0
00000222_written_11_C0.png,1,0,0,0,0,0,0,0,0,0,0,0
00000223_written_15_C2.png,0,0,1,0,0,0,0,0,0,0,0,0
00000224_written_13_C1_C3.png,0,1,0,1,0,0,0,0,0,0,0,0
00000225_written_17_C2.png,0,0,1,0,0,0,0,0,0,0,0,0
00000226_written_14_C1.png,0,1,0,0,0,0,0,0,0,0,0,0
00000227_written_12_C1_C2_C3.png,0,1,1,1,0,0,0,0,0,0,0,0
00000228_written_19_C2.png,0,0,1,0,0,0,0,0,0,0,0,0
00000229_written_18_C4.png,0,0,0,0,1,0,0,0,0,0,0,0
00000230_written_1_C2.png,0,0,1,0,0,0,0,0,0,0,0,0
00000231_written_20_C2.png,0,0,1,0,0,0,0,0,0,0,0,0
00000232_written_22_C1_C2.png,0,1,1,0,0,0,0,0,0,0,0,0
00000233_written_21_C2_C5.png,0,0,1,0,0,1,0,0,0,0,0,0
00000234_written_23_C3.png,0,0,0,1,0,0,0,0,0,0,0,0
00000235_written_24_C2.png,0,0,1,0,0,0,0,0,0,0,0,0
00000236_written_25_C2.png,0,0,1,0,0,0,0,0,0,0,0,0
00000237_written_26_C2.png,0,0,1,0,0,0,0,0,0,0,0,0
00000238_written_27_C2.png,0,0,1,0,0,0,0,0,0,0,0,0
00000239_written_28_C9.png,0,0,0,0,0,0,0,0,0,1,0,0
00000240_written_29_C9.png,0,0,0,0,0,0,0,0,0,1,0,0
00000241_written_30_C9.png,0,0,0,0,0,0,0,0,0,1,0,0
00000242_written_31_C9.png,0,0,0,0,0,0,0,0,0,1,0,0
00000243_written_2_C3.png,0,0,0,1,0,0,0,0,0,0,0,0
00000244_written_33_C9.png,0,0,0,0,0,0,0,0,0,1,0,0
00000245_written_32_C9.png,0,0,0,0,0,0,0,0,0,1,0,0
00000246_written_37_C9.png,0,0,0,0,0,0,0,0,0,1,0,0
00000247_written_36_C9.png,0,0,0,0,0,0,0,0,0,1,0,0
00000248_written_34_C9.png,0,0,0,0,0,0,0,0,0,1,0,0
00000249_written_38_C2_C3.png,0,0,1,1,0,0,0,0,0,0,0,0
00000250_written_35_C9.png,0,0,0,0,0,0,0,0,0,1,0,0
00000251_written_39_C2.png,0,0,1,0,0,0,0,0,0,0,0,0
00000252_written_40_C2.png,0,0,1,0,0,0,0,0,0,0,0,0
00000253_written_43_C0.png,1,0,0,0,0,0,0,0,0,0,0,0
00000254_written_45_C0.png,1,0,0,0,0,0,0,0,0,0,0,0
00000255_written_48_C0.png,1,0,0,0,0,0,0,0,0,0,0,0
00000256_written_49_C0.png,1,0,0,0,0,0,0,0,0,0,0,0
00000257_written_46_C0.png,1,0,0,0,0,0,0,0,0,0,0,0
00000258_written_47_C0.png,1,0,0,0,0,0,0,0,0,0,0,0
00000259_written_42_C0.png,1,0,0,0,0,0,0,0,0,0,0,0
00000260_written_44_C0.png,1,0,0,0,0,0,0,0,0,0,0,0
00000261_written_39_C0.png,1,0,0,0,0,0,0,0,0,0,0,0
00000262_written_40_C0.png,1,0,0,0,0,0,0,0,0,0,0,0
00000263_written_41_C0.png,1,0,0,0,0,0,0,0,0,0,0,0
00000264_written_3_C0.png,1,0,0,0,0,0,0,0,0,0,0,0
00000265_written_5_C0.png,1,0,0,0,0,0,0,0,0,0,0,0
00000266_written_4_C0.png,1,0,0,0,0,0,0,0,0,0,0,0
00000267_written_12_C0.png,1,0,0,0,0,0,0,0,0,0,0,0
00000268_written_0_C0.png,1,0,0,0,0,0,0,0,0,0,0,0
00000269_written_13_C0.png,1,0,0,0,0,0,0,0,0,0,0,0
00000270_written_11_C0.png,1,0,0,0,0,0,0,0,0,0,0,0
00000271_written_8_C0.png,1,0,0,0,0,0,0,0,0,0,0,0
00000272_written_10_C0.png,1,0,0,0,0,0,0,0,0,0,0,0
00000273_written_7_C0.png,1,0,0,0,0,0,0,0,0,0,0,0
00000274_written_6_C0.png,1,0,0,0,0,0,0,0,0,0,0,0
00000275_written_9_C0.png,1,0,0,0,0,0,0,0,0,0,0,0
00000276_written_17_C0.png,1,0,0,0,0,0,0,0,0,0,0,0
00000277_written_15_C0.png,1,0,0,0,0,0,0,0,0,0,0,0
00000278_written_16_C0.png,1,0,0,0,0,0,0,0,0,0,0,0
00000279_written_14_C0.png,1,0,0,0,0,0,0,0,0,0,0,0
00000280_written_18_C0.png,1,0,0,0,0,0,0,0,0,0,0,0
00000281_written_20_C0.png,1,0,0,0,0,0,0,0,0,0,0,0
00000282_written_19_C0.png,1,0,0,0,0,0,0,0,0,0,0,0
00000283_written_21_C0.png,1,0,0,0,0,0,0,0,0,0,0,0
00000284_written_22_C0.png,1,0,0,0,0,0,0,0,0,0,0,0
00000285_written_1_C0.png,1,0,0,0,0,0,0,0,0,0,0,0
00000286_written_23_C0.png,1,0,0,0,0,0,0,0,0,0,0,0
00000287_written_24_C0.png,1,0,0,0,0,0,0,0,0,0,0,0
00000288_written_25_C0.png,1,0,0,0,0,0,0,0,0,0,0,0
00000289_written_26_C0.png,1,0,0,0,0,0,0,0,0,0,0,0
00000290_written_28_C0.png,1,0,0,0,0,0,0,0,0,0,0,0
00000291_written_27_C0.png,1,0,0,0,0,0,0,0,0,0,0,0
00000292_written_29_C1_C7.png,0,1,0,0,0,0,0,1,0,0,0,0
00000293_written_31_C0.png,1,0,0,0,0,0,0,0,0,0,0,0
00000294_written_30_C3.png,0,0,0,1,0,0,0,0,0,0,0,0
00000295_written_35_C0.png,1,0,0,0,0,0,0,0,0,0,0,0
00000296_written_37_C0.png,1,0,0,0,0,0,0,0,0,0,0,0
00000297_written_34_C0.png,1,0,0,0,0,0,0,0,0,0,0,0
00000298_written_36_C0.png,1,0,0,0,0,0,0,0,0,0,0,0
00000299_written_2_C0.png,1,0,0,0,0,0,0,0,0,0,0,0
00000300_written_38_C0.png,1,0,0,0,0,0,0,0,0,0,0,0
00000301_written_32_C0.png,1,0,0,0,0,0,0,0,0,0,0,0
00000302_written_33_C0.png,1,0,0,0,0,0,0,0,0,0,0,0
00000303_written_34_C0.png,1,0,0,0,0,0,0,0,0,0,0,0
00000304_written_37_C1.png,0,1,0,0,0,0,0,0,0,0,0,0
00000305_written_39_C0.png,1,0,0,0,0,0,0,0,0,0,0,0
00000306_written_33_C0.png,1,0,0,0,0,0,0,0,0,0,0,0
00000307_written_35_C0.png,1,0,0,0,0,0,0,0,0,0,0,0
00000308_written_36_C0.png,1,0,0,0,0,0,0,0,0,0,0,0
00000309_written_2_C0.png,1,0,0,0,0,0,0,0,0,0,0,0
00000310_written_38_C0.png,1,0,0,0,0,0,0,0,0,0,0,0
00000311_written_40_C0.png,1,0,0,0,0,0,0,0,0,0,0,0
00000312_written_46_C0.png,1,0,0,0,0,0,0,0,0,0,0,0
00000313_written_47_C0.png,1,0,0,0,0,0,0,0,0,0,0,0
00000314_written_41_C0.png,1,0,0,0,0,0,0,0,0,0,0,0
00000315_written_3_C0.png,1,0,0,0,0,0,0,0,0,0,0,0
00000316_written_42_C0.png,1,0,0,0,0,0,0,0,0,0,0,0
00000317_written_44_C0.png,1,0,0,0,0,0,0,0,0,0,0,0
00000318_written_43_C0.png,1,0,0,0,0,0,0,0,0,0,0,0
00000319_written_45_C0.png,1,0,0,0,0,0,0,0,0,0,0,0
00000320_written_9_C0.png,1,0,0,0,0,0,0,0,0,0,0,0
00000321_written_8_C0.png,1,0,0,0,0,0,0,0,0,0,0,0
00000322_written_7_C3.png,0,0,0,1,0,0,0,0,0,0,0,0
00000323_written_5_C1.png,0,1,0,0,0,0,0,0,0,0,0,0
00000324_written_6_C3.png,0,0,0,1,0,0,0,0,0,0,0,0
00000325_written_49_C0.png,1,0,0,0,0,0,0,0,0,0,0,0
00000326_written_4_C0.png,1,0,0,0,0,0,0,0,0,0,0,0
00000327_written_48_C0.png,1,0,0,0,0,0,0,0,0,0,0,0
00000328_written_10_C3.png,0,0,0,1,0,0,0,0,0,0,0,0
00000329_written_12_C0.png,1,0,0,0,0,0,0,0,0,0,0,0
00000330_written_11_C0.png,1,0,0,0,0,0,0,0,0,0,0,0
00000331_written_14_C0.png,1,0,0,0,0,0,0,0,0,0,0,0
00000332_written_0_C0.png,1,0,0,0,0,0,0,0,0,0,0,0
00000333_written_13_C3.png,0,0,0,1,0,0,0,0,0,0,0,0
00000334_written_15_C0.png,1,0,0,0,0,0,0,0,0,0,0,0
00000335_written_16_C0.png,1,0,0,0,0,0,0,0,0,0,0,0
00000336_written_17_C0.png,1,0,0,0,0,0,0,0,0,0,0,0
00000337_written_18_C0.png,1,0,0,0,0,0,0,0,0,0,0,0
00000338_written_19_C0.png,1,0,0,0,0,0,0,0,0,0,0,0
00000339_written_20_C0.png,1,0,0,0,0,0,0,0,0,0,0,0
00000340_written_21_C0.png,1,0,0,0,0,0,0,0,0,0,0,0
00000341_written_22_C0.png,1,0,0,0,0,0,0,0,0,0,0,0
00000342_written_1_C0.png,1,0,0,0,0,0,0,0,0,0,0,0
00000343_written_23_C0.png,1,0,0,0,0,0,0,0,0,0,0,0
00000344_written_25_C1.png,0,1,0,0,0,0,0,0,0,0,0,0
00000345_written_24_C0.png,1,0,0,0,0,0,0,0,0,0,0,0
00000346_written_26_C0.png,1,0,0,0,0,0,0,0,0,0,0,0
00000347_written_27_C1.png,0,1,0,0,0,0,0,0,0,0,0,0
00000348_written_28_C0.png,1,0,0,0,0,0,0,0,0,0,0,0
00000349_written_29_C0.png,1,0,0,0,0,0,0,0,0,0,0,0
00000350_written_30_C0.png,1,0,0,0,0,0,0,0,0,0,0,0
00000351_written_31_C0.png,1,0,0,0,0,0,0,0,0,0,0,0
00000352_written_32_C0.png,1,0,0,0,0,0,0,0,0,0,0,0
00000353_written_7_C0.png,1,0,0,0,0,0,0,0,0,0,0,0
00000354_written_5_C0.png,1,0,0,0,0,0,0,0,0,0,0,0
00000355_written_46_C0.png,1,0,0,0,0,0,0,0,0,0,0,0
00000356_written_41_C0.png,1,0,0,0,0,0,0,0,0,0,0,0
00000357_written_0_C0.png,1,0,0,0,0,0,0,0,0,0,0,0
00000358_written_45_C0.png,1,0,0,0,0,0,0,0,0,0,0,0
00000359_written_49_C0.png,1,0,0,0,0,0,0,0,0,0,0,0
00000360_written_44_C0.png,1,0,0,0,0,0,0,0,0,0,0,0
00000361_written_43_C0.png,1,0,0,0,0,0,0,0,0,0,0,0
00000362_written_48_C0.png,1,0,0,0,0,0,0,0,0,0,0,0
00000363_written_6_C0.png,1,0,0,0,0,0,0,0,0,0,0,0
00000364_written_40_C0.png,1,0,0,0,0,0,0,0,0,0,0,0
00000365_written_47_C0.png,1,0,0,0,0,0,0,0,0,0,0,0
00000366_written_4_C0.png,1,0,0,0,0,0,0,0,0,0,0,0
00000367_written_3_C0.png,1,0,0,0,0,0,0,0,0,0,0,0
00000368_written_42_C0.png,1,0,0,0,0,0,0,0,0,0,0,0
00000369_written_14_C0.png,1,0,0,0,0,0,0,0,0,0,0,0
00000370_written_17_C0.png,1,0,0,0,0,0,0,0,0,0,0,0
00000371_written_11_C0.png,1,0,0,0,0,0,0,0,0,0,0,0
00000372_written_10_C0.png,1,0,0,0,0,0,0,0,0,0,0,0
00000373_written_9_C0.png,1,0,0,0,0,0,0,0,0,0,0,0
00000374_written_1_C0.png,1,0,0,0,0,0,0,0,0,0,0,0
00000375_written_12_C0.png,1,0,0,0,0,0,0,0,0,0,0,0
00000376_written_8_C0.png,1,0,0,0,0,0,0,0,0,0,0,0
00000377_written_16_C9.png,0,0,0,0,0,0,0,0,0,1,0,0
00000378_written_13_C0.png,1,0,0,0,0,0,0,0,0,0,0,0
00000379_written_15_C0.png,1,0,0,0,0,0,0,0,0,0,0,0
00000380_written_21_C0.png,1,0,0,0,0,0,0,0,0,0,0,0
00000381_written_23_C0.png,1,0,0,0,0,0,0,0,0,0,0,0
00000382_written_19_C0.png,1,0,0,0,0,0,0,0,0,0,0,0
00000383_written_20_C0.png,1,0,0,0,0,0,0,0,0,0,0,0
00000384_written_25_C0.png,1,0,0,0,0,0,0,0,0,0,0,0
00000385_written_18_C0.png,1,0,0,0,0,0,0,0,0,0,0,0
00000386_written_22_C0.png,1,0,0,0,0,0,0,0,0,0,0,0
00000387_written_26_C0.png,1,0,0,0,0,0,0,0,0,0,0,0
00000388_written_27_C0.png,1,0,0,0,0,0,0,0,0,0,0,0
00000389_written_28_C0.png,1,0,0,0,0,0,0,0,0,0,0,0
00000390_written_30_C0.png,1,0,0,0,0,0,0,0,0,0,0,0
00000391_written_29_C0.png,1,0,0,0,0,0,0,0,0,0,0,0
00000392_written_31_C0.png,1,0,0,0,0,0,0,0,0,0,0,0
00000393_written_2_C0.png,1,0,0,0,0,0,0,0,0,0,0,0
00000394_written_32_C0.png,1,0,0,0,0,0,0,0,0,0,0,0
00000395_written_33_C0.png,1,0,0,0,0,0,0,0,0,0,0,0
00000396_written_34_C0.png,1,0,0,0,0,0,0,0,0,0,0,0
00000397_written_35_C0.png,1,0,0,0,0,0,0,0,0,0,0,0
00000398_written_36_C0.png,1,0,0,0,0,0,0,0,0,0,0,0
00000399_written_37_C0.png,1,0,0,0,0,0,0,0,0,0,0,0
00000400_written_38_C0.png,1,0,0,0,0,0,0,0,0,0,0,0
00000401_written_39_C0.png,1,0,0,0,0,0,0,0,0,0,0,0
00000402_written_43_C0.png,1,0,0,0,0,0,0,0,0,0,0,0
00000403_written_6_C0.png,1,0,0,0,0,0,0,0,0,0,0,0
00000404_written_10_C0.png,1,0,0,0,0,0,0,0,0,0,0,0
00000405_written_8_C0.png,1,0,0,0,0,0,0,0,0,0,0,0
00000406_written_0_C0.png,1,0,0,0,0,0,0,0,0,0,0,0
00000407_written_9_C0.png,1,0,0,0,0,0,0,0,0,0,0,0
00000408_written_46_C0.png,1,0,0,0,0,0,0,0,0,0,0,0
00000409_written_47_C10.png,0,0,0,0,0,0,0,0,0,0,1,0
00000410_written_49_C3.png,0,0,0,1,0,0,0,0,0,0,0,0
00000411_written_48_C0.png,1,0,0,0,0,0,0,0,0,0,0,0
00000412_written_7_C0.png,1,0,0,0,0,0,0,0,0,0,0,0
00000413_written_44_C0.png,1,0,0,0,0,0,0,0,0,0,0,0
00000414_written_45_C0.png,1,0,0,0,0,0,0,0,0,0,0,0
00000415_written_4_C1_C10.png,0,1,0,0,0,0,0,0,0,0,1,0
00000416_written_5_C0.png,1,0,0,0,0,0,0,0,0,0,0,0
00000417_written_17_C0.png,1,0,0,0,0,0,0,0,0,0,0,0
00000418_written_13_C0.png,1,0,0,0,0,0,0,0,0,0,0,0
00000419_written_12_C3.png,0,0,0,1,0,0,0,0,0,0,0,0
00000420_written_1_C3.png,0,0,0,1,0,0,0,0,0,0,0,0
00000421_written_15_C0.png,1,0,0,0,0,0,0,0,0,0,0,0
00000422_written_14_C1_C3.png,0,1,0,1,0,0,0,0,0,0,0,0
00000423_written_11_C10.png,0,0,0,0,0,0,0,0,0,0,1,0
00000424_written_19_C0.png,1,0,0,0,0,0,0,0,0,0,0,0
00000425_written_20_C0.png,1,0,0,0,0,0,0,0,0,0,0,0
00000426_written_18_C10.png,0,0,0,0,0,0,0,0,0,0,1,0
00000427_written_16_C10.png,0,0,0,0,0,0,0,0,0,0,1,0
00000428_written_21_C0.png,1,0,0,0,0,0,0,0,0,0,0,0
00000429_written_31_C0.png,1,0,0,0,0,0,0,0,0,0,0,0
00000430_written_27_C9.png,0,0,0,0,0,0,0,0,0,1,0,0
00000431_written_23_C0.png,1,0,0,0,0,0,0,0,0,0,0,0
00000432_written_32_C9.png,0,0,0,0,0,0,0,0,0,1,0,0
00000433_written_22_C3.png,0,0,0,1,0,0,0,0,0,0,0,0
00000434_written_24_C0.png,1,0,0,0,0,0,0,0,0,0,0,0
00000435_written_29_C3.png,0,0,0,1,0,0,0,0,0,0,0,0
00000436_written_2_C10.png,0,0,0,0,0,0,0,0,0,0,1,0
00000437_written_30_C0.png,1,0,0,0,0,0,0,0,0,0,0,0
00000438_written_28_C1_C3.png,0,1,0,1,0,0,0,0,0,0,0,0
00000439_written_26_C0.png,1,0,0,0,0,0,0,0,0,0,0,0
00000440_written_25_C0.png,1,0,0,0,0,0,0,0,0,0,0,0
00000441_written_40_C3.png,0,0,0,1,0,0,0,0,0,0,0,0
00000442_written_36_C9.png,0,0,0,0,0,0,0,0,0,1,0,0
00000443_written_38_C9.png,0,0,0,0,0,0,0,0,0,1,0,0
00000444_written_3_C1_C10.png,0,1,0,0,0,0,0,0,0,0,1,0
00000445_written_39_C0.png,1,0,0,0,0,0,0,0,0,0,0,0
00000446_written_34_C9.png,0,0,0,0,0,0,0,0,0,1,0,0
00000447_written_35_C9.png,0,0,0,0,0,0,0,0,0,1,0,0
00000448_written_37_C9.png,0,0,0,0,0,0,0,0,0,1,0,0
00000449_written_33_C9.png,0,0,0,0,0,0,0,0,0,1,0,0
00000450_written_41_C0.png,1,0,0,0,0,0,0,0,0,0,0,0
00000451_written_42_C0.png,1,0,0,0,0,0,0,0,0,0,0,0
00000452_written_22_C9.png,0,0,0,0,0,0,0,0,0,1,0,0
00000453_written_36_C1.png,0,1,0,0,0,0,0,0,0,0,0,0
00000454_written_40_C0.png,1,0,0,0,0,0,0,0,0,0,0,0
00000455_written_39_C0.png,1,0,0,0,0,0,0,0,0,0,0,0
00000456_written_3_C0.png,1,0,0,0,0,0,0,0,0,0,0,0
00000457_written_37_C1_C3.png,0,1,0,1,0,0,0,0,0,0,0,0
00000458_written_41_C0.png,1,0,0,0,0,0,0,0,0,0,0,0
00000459_written_38_C3.png,0,0,0,1,0,0,0,0,0,0,0,0
00000460_written_4_C7.png,0,0,0,0,0,0,0,1,0,0,0,0
00000461_written_43_C0.png,1,0,0,0,0,0,0,0,0,0,0,0
00000462_written_42_C0.png,1,0,0,0,0,0,0,0,0,0,0,0
00000463_written_44_C0.png,1,0,0,0,0,0,0,0,0,0,0,0
00000464_written_45_C0.png,1,0,0,0,0,0,0,0,0,0,0,0
00000465_written_46_C0.png,1,0,0,0,0,0,0,0,0,0,0,0
00000466_written_47_C0.png,1,0,0,0,0,0,0,0,0,0,0,0
00000467_written_48_C0.png,1,0,0,0,0,0,0,0,0,0,0,0
00000468_written_49_C0.png,1,0,0,0,0,0,0,0,0,0,0,0
00000469_written_5_C1_C7.png,0,1,0,0,0,0,0,1,0,0,0,0
00000470_written_6_C0.png,1,0,0,0,0,0,0,0,0,0,0,0
00000471_written_7_C1.png,0,1,0,0,0,0,0,0,0,0,0,0
00000472_written_8_C1.png,0,1,0,0,0,0,0,0,0,0,0,0
00000473_written_9_C0.png,1,0,0,0,0,0,0,0,0,0,0,0
00000474_written_10_C0.png,1,0,0,0,0,0,0,0,0,0,0,0
00000475_written_12_C1.png,0,1,0,0,0,0,0,0,0,0,0,0
00000476_written_1_C0.png,1,0,0,0,0,0,0,0,0,0,0,0
00000477_written_20_C0.png,1,0,0,0,0,0,0,0,0,0,0,0
00000478_written_16_C0.png,1,0,0,0,0,0,0,0,0,0,0,0
00000479_written_15_C0.png,1,0,0,0,0,0,0,0,0,0,0,0
00000480_written_19_C0.png,1,0,0,0,0,0,0,0,0,0,0,0
00000481_written_13_C0.png,1,0,0,0,0,0,0,0,0,0,0,0
00000482_written_11_C0.png,1,0,0,0,0,0,0,0,0,0,0,0
00000483_written_14_C0.png,1,0,0,0,0,0,0,0,0,0,0,0
00000484_written_0_C0.png,1,0,0,0,0,0,0,0,0,0,0,0
00000485_written_17_C0.png,1,0,0,0,0,0,0,0,0,0,0,0
00000486_written_18_C1.png,0,1,0,0,0,0,0,0,0,0,0,0
00000487_written_21_C0.png,1,0,0,0,0,0,0,0,0,0,0,0
00000488_written_23_C0.png,1,0,0,0,0,0,0,0,0,0,0,0
00000489_written_24_C0.png,1,0,0,0,0,0,0,0,0,0,0,0
00000490_written_2_C0.png,1,0,0,0,0,0,0,0,0,0,0,0
00000491_written_25_C0.png,1,0,0,0,0,0,0,0,0,0,0,0
00000492_written_26_C1.png,0,1,0,0,0,0,0,0,0,0,0,0
00000493_written_27_C1_C3.png,0,1,0,1,0,0,0,0,0,0,0,0
00000494_written_28_C0.png,1,0,0,0,0,0,0,0,0,0,0,0
00000495_written_29_C0.png,1,0,0,0,0,0,0,0,0,0,0,0
00000496_written_30_C0.png,1,0,0,0,0,0,0,0,0,0,0,0
00000497_written_31_C3.png,0,0,0,1,0,0,0,0,0,0,0,0
00000498_written_32_C0.png,1,0,0,0,0,0,0,0,0,0,0,0
00000499_written_33_C0.png,1,0,0,0,0,0,0,0,0,0,0,0
00000500_written_34_C0.png,1,0,0,0,0,0,0,0,0,0,0,0
00000501_written_35_C0.png,1,0,0,0,0,0,0,0,0,0,0,0
00000502_written_45_C0.png,1,0,0,0,0,0,0,0,0,0,0,0
00000503_written_3_C3.png,0,0,0,1,0,0,0,0,0,0,0,0
00000504_written_43_C3.png,0,0,0,1,0,0,0,0,0,0,0,0
00000505_written_46_C0.png,1,0,0,0,0,0,0,0,0,0,0,0
00000506_written_42_C1.png,0,1,0,0,0,0,0,0,0,0,0,0
00000507_written_41_C1_C3_C7.png,0,1,0,1,0,0,0,1,0,0,0,0
00000508_written_48_C0.png,1,0,0,0,0,0,0,0,0,0,0,0
00000509_written_44_C0.png,1,0,0,0,0,0,0,0,0,0,0,0
00000510_written_47_C0.png,1,0,0,0,0,0,0,0,0,0,0,0
00000511_written_7_C0.png,1,0,0,0,0,0,0,0,0,0,0,0
00000512_written_6_C0.png,1,0,0,0,0,0,0,0,0,0,0,0
00000513_written_5_C0.png,1,0,0,0,0,0,0,0,0,0,0,0
00000514_written_49_C0.png,1,0,0,0,0,0,0,0,0,0,0,0
00000515_written_8_C0.png,1,0,0,0,0,0,0,0,0,0,0,0
00000516_written_4_C0.png,1,0,0,0,0,0,0,0,0,0,0,0
00000517_written_11_C3.png,0,0,0,1,0,0,0,0,0,0,0,0
00000518_written_10_C1_C7.png,0,1,0,0,0,0,0,1,0,0,0,0
00000519_written_0_C0.png,1,0,0,0,0,0,0,0,0,0,0,0
00000520_written_9_C0.png,1,0,0,0,0,0,0,0,0,0,0,0
00000521_written_1_C0.png,1,0,0,0,0,0,0,0,0,0,0,0
00000522_written_13_C0.png,1,0,0,0,0,0,0,0,0,0,0,0
00000523_written_15_C3.png,0,0,0,1,0,0,0,0,0,0,0,0
00000524_written_21_C1_C7.png,0,1,0,0,0,0,0,1,0,0,0,0
00000525_written_12_C0.png,1,0,0,0,0,0,0,0,0,0,0,0
00000526_written_14_C3.png,0,0,0,1,0,0,0,0,0,0,0,0
00000527_written_18_C0.png,1,0,0,0,0,0,0,0,0,0,0,0
00000528_written_17_C7.png,0,0,0,0,0,0,0,1,0,0,0,0
00000529_written_19_C0.png,1,0,0,0,0,0,0,0,0,0,0,0
00000530_written_20_C0.png,1,0,0,0,0,0,0,0,0,0,0,0
00000531_written_16_C0.png,1,0,0,0,0,0,0,0,0,0,0,0
00000532_written_22_C0.png,1,0,0,0,0,0,0,0,0,0,0,0
00000533_written_23_C0.png,1,0,0,0,0,0,0,0,0,0,0,0
00000534_written_24_C0.png,1,0,0,0,0,0,0,0,0,0,0,0
00000535_written_25_C0.png,1,0,0,0,0,0,0,0,0,0,0,0
00000536_written_26_C0.png,1,0,0,0,0,0,0,0,0,0,0,0
00000537_written_27_C0.png,1,0,0,0,0,0,0,0,0,0,0,0
00000538_written_28_C0.png,1,0,0,0,0,0,0,0,0,0,0,0
00000539_written_29_C0.png,1,0,0,0,0,0,0,0,0,0,0,0
00000540_written_2_C0.png,1,0,0,0,0,0,0,0,0,0,0,0
00000541_written_30_C0.png,1,0,0,0,0,0,0,0,0,0,0,0
00000542_written_31_C0.png,1,0,0,0,0,0,0,0,0,0,0,0
00000543_written_32_C0.png,1,0,0,0,0,0,0,0,0,0,0,0
00000544_written_33_C0.png,1,0,0,0,0,0,0,0,0,0,0,0
00000545_written_34_C0.png,1,0,0,0,0,0,0,0,0,0,0,0
00000546_written_35_C0.png,1,0,0,0,0,0,0,0,0,0,0,0
00000547_written_37_C0.png,1,0,0,0,0,0,0,0,0,0,0,0
00000548_written_36_C0.png,1,0,0,0,0,0,0,0,0,0,0,0
00000549_written_38_C0.png,1,0,0,0,0,0,0,0,0,0,0,0
00000550_written_39_C3.png,0,0,0,1,0,0,0,0,0,0,0,0
00000551_written_40_C10.png,0,0,0,0,0,0,0,0,0,0,1,0
00000552_written_0_C0.png,1,0,0,0,0,0,0,0,0,0,0,0
00000553_written_10_C3_C4.png,0,0,0,1,1,0,0,0,0,0,0,0
00000554_written_11_C1_C10.png,0,1,0,0,0,0,0,0,0,0,1,0
00000555_written_12_C1_C3_C10.png,0,1,0,1,0,0,0,0,0,0,1,0
00000556_written_13_C3.png,0,0,0,1,0,0,0,0,0,0,0,0
00000557_written_15_C3_C4.png,0,0,0,1,1,0,0,0,0,0,0,0
00000558_written_14_C0.png,1,0,0,0,0,0,0,0,0,0,0,0
00000559_written_18_C3_C4.png,0,0,0,1,1,0,0,0,0,0,0,0
00000560_written_17_C3.png,0,0,0,1,0,0,0,0,0,0,0,0
00000561_written_16_C1_C10.png,0,1,0,0,0,0,0,0,0,0,1,0
00000562_written_19_C0.png,1,0,0,0,0,0,0,0,0,0,0,0
00000563_written_21_C3_C4.png,0,0,0,1,1,0,0,0,0,0,0,0
00000564_written_20_C3.png,0,0,0,1,0,0,0,0,0,0,0,0
00000565_written_22_C3_C4.png,0,0,0,1,1,0,0,0,0,0,0,0
00000566_written_1_C1_C10.png,0,1,0,0,0,0,0,0,0,0,1,0
00000567_written_23_C1_C10.png,0,1,0,0,0,0,0,0,0,0,1,0
00000568_written_24_C1_C3_C10.png,0,1,0,1,0,0,0,0,0,0,1,0
00000569_written_49_C0.png,1,0,0,0,0,0,0,0,0,0,0,0
00000570_written_44_C9.png,0,0,0,0,0,0,0,0,0,1,0,0
00000571_written_35_C9.png,0,0,0,0,0,0,0,0,0,1,0,0
00000572_written_40_C0.png,1,0,0,0,0,0,0,0,0,0,0,0
00000573_written_33_C9.png,0,0,0,0,0,0,0,0,0,1,0,0
00000574_written_32_C9.png,0,0,0,0,0,0,0,0,0,1,0,0
00000575_written_28_C9.png,0,0,0,0,0,0,0,0,0,1,0,0
00000576_written_17_C9.png,0,0,0,0,0,0,0,0,0,1,0,0
00000577_written_31_C9.png,0,0,0,0,0,0,0,0,0,1,0,0
00000578_written_38_C0.png,1,0,0,0,0,0,0,0,0,0,0,0
00000579_written_3_C0.png,1,0,0,0,0,0,0,0,0,0,0,0
00000580_written_25_C9.png,0,0,0,0,0,0,0,0,0,1,0,0
00000581_written_36_C9.png,0,0,0,0,0,0,0,0,0,1,0,0
00000582_written_29_C9.png,0,0,0,0,0,0,0,0,0,1,0,0
00000583_written_39_C9y.png,0,0,0,0,0,0,0,0,0,1,0,0
00000584_written_37_C6.png,0,0,0,0,0,0,1,0,0,0,0,0
00000585_written_20_C9.png,0,0,0,0,0,0,0,0,0,1,0,0
00000586_written_30_C9.png,0,0,0,0,0,0,0,0,0,1,0,0
00000587_written_16_C9.png,0,0,0,0,0,0,0,0,0,1,0,0
00000588_written_19_C9.png,0,0,0,0,0,0,0,0,0,1,0,0
00000589_written_34_C9.png,0,0,0,0,0,0,0,0,0,1,0,0
00000590_written_45_C0.png,1,0,0,0,0,0,0,0,0,0,0,0
00000591_written_46_C0.png,1,0,0,0,0,0,0,0,0,0,0,0
00000592_written_42_C1_C10.png,0,1,0,0,0,0,0,0,0,0,1,0
00000593_written_43_C1_C10.png,0,1,0,0,0,0,0,0,0,0,1,0
00000594_written_4_C1_C6.png,0,1,0,0,0,0,1,0,0,0,0,0
00000595_written_41_C10.png,0,0,0,0,0,0,0,0,0,0,1,0
00000596_written_47_C1_C6_C10.png,0,1,0,0,0,0,1,0,0,0,1,0
00000597_written_48_C0.png,1,0,0,0,0,0,0,0,0,0,0,0
00000598_written_5_C6.png,0,0,0,0,0,0,1,0,0,0,0,0
00000599_written_6_C0.png,1,0,0,0,0,0,0,0,0,0,0,0
00000600_written_7_C0.png,1,0,0,0,0,0,0,0,0,0,0,0
00000601_written_0_C0.png,1,0,0,0,0,0,0,0,0,0,0,0
00000602_written_8_C9.png,0,0,0,0,0,0,0,0,0,1,0,0
00000603_written_2_C9.png,0,0,0,0,0,0,0,0,0,1,0,0
00000604_written_9_C9.png,0,0,0,0,0,0,0,0,0,1,0,0
00000605_written_11_C0.png,1,0,0,0,0,0,0,0,0,0,0,0
00000606_written_13_C1_C6_C10.png,0,1,0,0,0,0,1,0,0,0,1,0
00000607_written_18_C1_C10.png,0,1,0,0,0,0,0,0,0,0,1,0
00000608_written_1_C0.png,1,0,0,0,0,0,0,0,0,0,0,0
00000609_written_21_C1_C6_C10.png,0,1,0,0,0,0,1,0,0,0,1,0
00000610_written_22_C0.png,1,0,0,0,0,0,0,0,0,0,0,0
00000611_written_23_C1_C10.png,0,1,0,0,0,0,0,0,0,0,1,0
00000612_written_24_C3.png,0,0,0,1,0,0,0,0,0,0,0,0
00000613_written_26_C1_C6_C10.png,0,1,0,0,0,0,1,0,0,0,1,0
00000614_written_27_C6.png,0,0,0,0,0,0,1,0,0,0,0,0
00000615_written_10_C9.png,0,0,0,0,0,0,0,0,0,1,0,0
00000616_written_14_C9.png,0,0,0,0,0,0,0,0,0,1,0,0
00000617_written_12_C9.png,0,0,0,0,0,0,0,0,0,1,0,0
00000618_written_46_C9.png,0,0,0,0,0,0,0,0,0,1,0,0
00000619_written_40_C0.png,1,0,0,0,0,0,0,0,0,0,0,0
00000620_written_42_C9.png,0,0,0,0,0,0,0,0,0,1,0,0
00000621_written_45_C9.png,0,0,0,0,0,0,0,0,0,1,0,0
00000622_written_44_C9.png,0,0,0,0,0,0,0,0,0,1,0,0
00000623_written_4_C3.png,0,0,0,1,0,0,0,0,0,0,0,0
00000624_written_41_C9.png,0,0,0,0,0,0,0,0,0,1,0,0
00000625_written_43_C9.png,0,0,0,0,0,0,0,0,0,1,0,0
00000626_written_47_C9.png,0,0,0,0,0,0,0,0,0,1,0,0
00000627_written_39_C0.png,1,0,0,0,0,0,0,0,0,0,0,0
00000628_written_49_C9.png,0,0,0,0,0,0,0,0,0,1,0,0
00000629_written_5_C1_C6_C10.png,0,1,0,0,0,0,1,0,0,0,1,0
00000630_written_0_C0.png,1,0,0,0,0,0,0,0,0,0,0,0
00000631_written_48_C9.png,0,0,0,0,0,0,0,0,0,1,0,0
00000632_written_8_C3.png,0,0,0,1,0,0,0,0,0,0,0,0
00000633_written_6_C1_C10.png,0,1,0,0,0,0,0,0,0,0,1,0
00000634_written_9_C3.png,0,0,0,1,0,0,0,0,0,0,0,0
00000635_written_10_C3.png,0,0,0,1,0,0,0,0,0,0,0,0
00000636_written_7_C9.png,0,0,0,0,0,0,0,0,0,1,0,0
00000637_written_11_C9.png,0,0,0,0,0,0,0,0,0,1,0,0
00000638_written_16_C0.png,1,0,0,0,0,0,0,0,0,0,0,0
00000639_written_15_C3.png,0,0,0,1,0,0,0,0,0,0,0,0
00000640_written_14_C3.png,0,0,0,1,0,0,0,0,0,0,0,0
00000641_written_18_C3_C6.png,0,0,0,1,0,0,1,0,0,0,0,0
00000642_written_19_C1_C3_C4.png,0,1,0,1,1,0,0,0,0,0,0,0
00000643_written_12_C3_C6.png,0,0,0,1,0,0,1,0,0,0,0,0
00000644_written_17_C1_C10.png,0,1,0,0,0,0,0,0,0,0,1,0
00000645_written_1_C1_C10.png,0,1,0,0,0,0,0,0,0,0,1,0
00000646_written_13_C3_C4.png,0,0,0,1,1,0,0,0,0,0,0,0
00000647_written_22_C9.png,0,0,0,0,0,0,0,0,0,1,0,0
00000648_written_21_C3_C4.png,0,0,0,1,1,0,0,0,0,0,0,0
00000649_written_20_C3.png,0,0,0,1,0,0,0,0,0,0,0,0
00000650_written_24_C0.png,1,0,0,0,0,0,0,0,0,0,0,0
00000651_written_23_C9.png,0,0,0,0,0,0,0,0,0,1,0,0
00000652_written_26_C4.png,0,0,0,0,1,0,0,0,0,0,0,0
00000653_written_25_C3.png,0,0,0,1,0,0,0,0,0,0,0,0
00000654_written_2_C9.png,0,0,0,0,0,0,0,0,0,1,0,0
00000655_written_27_C3.png,0,0,0,1,0,0,0,0,0,0,0,0
00000656_written_28_C3_C4.png,0,0,0,1,1,0,0,0,0,0,0,0
00000657_written_29_C3.png,0,0,0,1,0,0,0,0,0,0,0,0
00000658_written_30_C3.png,0,0,0,1,0,0,0,0,0,0,0,0
00000659_written_32_C9.png,0,0,0,0,0,0,0,0,0,1,0,0
00000660_written_31_C3.png,0,0,0,1,0,0,0,0,0,0,0,0
00000661_written_33_C9.png,0,0,0,0,0,0,0,0,0,1,0,0
00000662_written_34_C9.png,0,0,0,0,0,0,0,0,0,1,0,0
00000663_written_35_C9.png,0,0,0,0,0,0,0,0,0,1,0,0
00000664_written_3_C3_C6.png,0,0,0,1,0,0,1,0,0,0,0,0
00000665_written_36_C9.png,0,0,0,0,0,0,0,0,0,1,0,0
00000666_written_37_C0.png,1,0,0,0,0,0,0,0,0,0,0,0
00000667_written_38_C1_C3_C10.png,0,1,0,1,0,0,0,0,0,0,1,0
00000668_written_49_C1_C6_C10.png,0,1,0,0,0,0,1,0,0,0,1,0
00000669_written_45_C0.png,1,0,0,0,0,0,0,0,0,0,0,0
00000670_written_38_C0.png,1,0,0,0,0,0,0,0,0,0,0,0
00000671_written_42_C1_C10.png,0,1,0,0,0,0,0,0,0,0,1,0
00000672_written_5_C0.png,1,0,0,0,0,0,0,0,0,0,0,0
00000673_written_46_C6_C10.png,0,0,0,0,0,0,1,0,0,0,1,0
00000674_written_43_C0.png,1,0,0,0,0,0,0,0,0,0,0,0
00000675_written_39_C0.png,1,0,0,0,0,0,0,0,0,0,0,0
00000676_written_40_C0.png,1,0,0,0,0,0,0,0,0,0,0,0
00000677_written_44_C0.png,1,0,0,0,0,0,0,0,0,0,0,0
00000678_written_41_C0.png,1,0,0,0,0,0,0,0,0,0,0,0
00000679_written_37_C0.png,1,0,0,0,0,0,0,0,0,0,0,0
00000680_written_47_C0.png,1,0,0,0,0,0,0,0,0,0,0,0
00000681_written_48_C0.png,1,0,0,0,0,0,0,0,0,0,0,0
00000682_written_4_C0.png,1,0,0,0,0,0,0,0,0,0,0,0
00000683_written_0_C1_C10.png,0,1,0,0,0,0,0,0,0,0,1,0
00000684_written_7_C3_C9.png,0,0,0,1,0,0,0,0,0,1,0,0
00000685_written_6_C1_C10.png,0,1,0,0,0,0,0,0,0,0,1,0
00000686_written_8_C0.png,1,0,0,0,0,0,0,0,0,0,0,0
00000687_written_9_C9.png,0,0,0,0,0,0,0,0,0,1,0,0
00000688_written_10_C9.png,0,0,0,0,0,0,0,0,0,1,0,0
00000689_written_11_C1_C10.png,0,1,0,0,0,0,0,0,0,0,1,0
00000690_written_12_C1_C10.png,0,1,0,0,0,0,0,0,0,0,1,0
00000691_written_13_C1_C6_C10.png,0,1,0,0,0,0,1,0,0,0,1,0
00000692_written_1_C1_C10.png,0,1,0,0,0,0,0,0,0,0,1,0
00000693_written_14_C1_C10.png,0,1,0,0,0,0,0,0,0,0,1,0
00000694_written_15_C1_C10.png,0,1,0,0,0,0,0,0,0,0,1,0
00000695_written_16_C1_C10.png,0,1,0,0,0,0,0,0,0,0,1,0
00000696_written_17_C1_C3_C5_C10.png,0,1,0,1,0,1,0,0,0,0,1,0
00000697_written_18_C1_C10.png,0,1,0,0,0,0,0,0,0,0,1,0
00000698_written_19_C1_C10.png,0,1,0,0,0,0,0,0,0,0,1,0
00000699_written_20_C3.png,0,0,0,1,0,0,0,0,0,0,0,0
00000700_written_21_C1_C6_C10.png,0,1,0,0,0,0,1,0,0,0,1,0
00000701_written_22_C1_C10.png,0,1,0,0,0,0,0,0,0,0,1,0
00000702_written_23_C3.png,0,0,0,1,0,0,0,0,0,0,0,0
00000703_written_24_C0.png,1,0,0,0,0,0,0,0,0,0,0,0
00000704_written_25_C3.png,0,0,0,1,0,0,0,0,0,0,0,0
00000705_written_2_C1_C10.png,0,1,0,0,0,0,0,0,0,0,1,0
00000706_written_26_C1_C10.png,0,1,0,0,0,0,0,0,0,0,1,0
00000707_written_27_C1_C6_C10.png,0,1,0,0,0,0,1,0,0,0,1,0
00000708_written_28_C1_C10.png,0,1,0,0,0,0,0,0,0,0,1,0
00000709_written_29_C1_C10.png,0,1,0,0,0,0,0,0,0,0,1,0
00000710_written_30_C1_C10.png,0,1,0,0,0,0,0,0,0,0,1,0
00000711_written_31_C0.png,1,0,0,0,0,0,0,0,0,0,0,0
00000712_written_32_C0.png,1,0,0,0,0,0,0,0,0,0,0,0
00000713_written_33_C3.png,0,0,0,1,0,0,0,0,0,0,0,0
00000714_written_3_C0.png,1,0,0,0,0,0,0,0,0,0,0,0
00000715_written_34_C3.png,0,0,0,1,0,0,0,0,0,0,0,0
00000716_written_35_C0.png,1,0,0,0,0,0,0,0,0,0,0,0
00000717_written_36_C0.png,1,0,0,0,0,0,0,0,0,0,0,0
00000718_written_46_C0.png,1,0,0,0,0,0,0,0,0,0,0,0
00000719_written_5_C0.png,1,0,0,0,0,0,0,0,0,0,0,0
00000720_written_44_C9.png,0,0,0,0,0,0,0,0,0,1,0,0
00000721_written_49_C9.png,0,0,0,0,0,0,0,0,0,1,0,0
00000722_written_3_C1_C10.png,0,1,0,0,0,0,0,0,0,0,1,0
00000723_written_43_C9.png,0,0,0,0,0,0,0,0,0,1,0,0
00000724_written_4_C1_C10.png,0,1,0,0,0,0,0,0,0,0,1,0
00000725_written_42_C9.png,0,0,0,0,0,0,0,0,0,1,0,0
00000726_written_48_C9.png,0,0,0,0,0,0,0,0,0,1,0,0
00000727_written_45_C0.png,1,0,0,0,0,0,0,0,0,0,0,0
00000728_written_47_C0.png,1,0,0,0,0,0,0,0,0,0,0,0
00000729_written_6_C6.png,0,0,0,0,0,0,1,0,0,0,0,0
00000730_written_11_C1_C3_C10.png,0,1,0,1,0,0,0,0,0,0,1,0
00000731_written_7_C6.png,0,0,0,0,0,0,1,0,0,0,0,0
00000732_written_0_C0.png,1,0,0,0,0,0,0,0,0,0,0,0
00000733_written_8_C1_C10.png,0,1,0,0,0,0,0,0,0,0,1,0
00000734_written_12_C6_C10.png,0,0,0,0,0,0,1,0,0,0,1,0
00000735_written_9_C1_C10.png,0,1,0,0,0,0,0,0,0,0,1,0
00000736_written_13_C0.png,1,0,0,0,0,0,0,0,0,0,0,0
00000737_written_19_C0.png,1,0,0,0,0,0,0,0,0,0,0,0
00000738_written_16_C0.png,1,0,0,0,0,0,0,0,0,0,0,0
00000739_written_18_C0.png,1,0,0,0,0,0,0,0,0,0,0,0
00000740_written_14_C1_C10.png,0,1,0,0,0,0,0,0,0,0,1,0
00000741_written_17_C0.png,1,0,0,0,0,0,0,0,0,0,0,0
00000742_written_1_C6_C10.png,0,0,0,0,0,0,1,0,0,0,1,0
00000743_written_15_C0.png,1,0,0,0,0,0,0,0,0,0,0,0
00000744_written_23_C9.png,0,0,0,0,0,0,0,0,0,1,0,0
00000745_written_24_C9.png,0,0,0,0,0,0,0,0,0,1,0,0
00000746_written_21_C9.png,0,0,0,0,0,0,0,0,0,1,0,0
00000747_written_22_C9.png,0,0,0,0,0,0,0,0,0,1,0,0
00000748_written_20_C9.png,0,0,0,0,0,0,0,0,0,1,0,0
00000749_written_10_C9.png,0,0,0,0,0,0,0,0,0,1,0,0
00000750_written_27_C9.png,0,0,0,0,0,0,0,0,0,1,0,0
00000751_written_28_C9.png,0,0,0,0,0,0,0,0,0,1,0,0
00000752_written_30_C9.png,0,0,0,0,0,0,0,0,0,1,0,0
00000753_written_32_C9.png,0,0,0,0,0,0,0,0,0,1,0,0
00000754_written_25_C9.png,0,0,0,0,0,0,0,0,0,1,0,0
00000755_written_26_C9.png,0,0,0,0,0,0,0,0,0,1,0,0
00000756_written_29_C9.png,0,0,0,0,0,0,0,0,0,1,0,0
00000757_written_33_C9.png,0,0,0,0,0,0,0,0,0,1,0,0
00000758_written_31_C9.png,0,0,0,0,0,0,0,0,0,1,0,0
00000759_written_35_C9.png,0,0,0,0,0,0,0,0,0,1,0,0
00000760_written_34_C9.png,0,0,0,0,0,0,0,0,0,1,0,0
00000761_written_36_C9.png,0,0,0,0,0,0,0,0,0,1,0,0
00000762_written_37_C9.png,0,0,0,0,0,0,0,0,0,1,0,0
00000763_written_38_C9.png,0,0,0,0,0,0,0,0,0,1,0,0
00000764_written_2_C1_C10.png,0,1,0,0,0,0,0,0,0,0,1,0
00000765_written_40_C9.png,0,0,0,0,0,0,0,0,0,1,0,0
00000766_written_39_C9.png,0,0,0,0,0,0,0,0,0,1,0,0
00000767_written_41_C9.png,0,0,0,0,0,0,0,0,0,1,0,0
00000768_written_39_C0.png,1,0,0,0,0,0,0,0,0,0,0,0
00000769_written_40_C0.png,1,0,0,0,0,0,0,0,0,0,0,0
00000770_written_41_C1_C10.png,0,1,0,0,0,0,0,0,0,0,1,0
00000771_written_38_C0.png,1,0,0,0,0,0,0,0,0,0,0,0
00000772_written_42_C0.png,1,0,0,0,0,0,0,0,0,0,0,0
00000773_written_3_C1_C10_C11.png,0,1,0,0,0,0,0,0,0,0,1,1
00000774_written_4_C1_C6_C7.png,0,1,0,0,0,0,1,1,0,0,0,0
00000775_written_49_C0.png,1,0,0,0,0,0,0,0,0,0,0,0
00000776_written_43_C0.png,1,0,0,0,0,0,0,0,0,0,0,0
00000777_written_44_C0.png,1,0,0,0,0,0,0,0,0,0,0,0
00000778_written_46_C0.png,1,0,0,0,0,0,0,0,0,0,0,0
00000779_written_45_C0.png,1,0,0,0,0,0,0,0,0,0,0,0
00000780_written_6_C3.png,0,0,0,1,0,0,0,0,0,0,0,0
00000781_written_0_C7.png,0,0,0,0,0,0,0,1,0,0,0,0
00000782_written_48_C0.png,1,0,0,0,0,0,0,0,0,0,0,0
00000783_written_5_C1_C10.png,0,1,0,0,0,0,0,0,0,0,1,0
00000784_written_7_C3_C4.png,0,0,0,1,1,0,0,0,0,0,0,0
00000785_written_9_C3_C9.png,0,0,0,1,0,0,0,0,0,1,0,0
00000786_written_8_C0.png,1,0,0,0,0,0,0,0,0,0,0,0
00000787_written_10_C3.png,0,0,0,1,0,0,0,0,0,0,0,0
00000788_written_11_C9.png,0,0,0,0,0,0,0,0,0,1,0,0
00000789_written_12_C1_C10.png,0,1,0,0,0,0,0,0,0,0,1,0
00000790_written_13_C1_C10.png,0,1,0,0,0,0,0,0,0,0,1,0
00000791_written_15_C1_C10.png,0,1,0,0,0,0,0,0,0,0,1,0
00000792_written_14_C1_C10.png,0,1,0,0,0,0,0,0,0,0,1,0
00000793_written_16_C1_C10.png,0,1,0,0,0,0,0,0,0,0,1,0
00000794_written_17_C1_C10.png,0,1,0,0,0,0,0,0,0,0,1,0
00000795_written_18_C1_C10.png,0,1,0,0,0,0,0,0,0,0,1,0
00000796_written_1_C1_C10_C11.png,0,1,0,0,0,0,0,0,0,0,1,1
00000797_written_19_C1_C10.png,0,1,0,0,0,0,0,0,0,0,1,0
00000798_written_20_C1_C10_C11.png,0,1,0,0,0,0,0,0,0,0,1,1
00000799_written_21_C1_C10.png,0,1,0,0,0,0,0,0,0,0,1,0
00000800_written_22_C0.png,1,0,0,0,0,0,0,0,0,0,0,0
00000801_written_23_C1_C10.png,0,1,0,0,0,0,0,0,0,0,1,0
00000802_written_24_C1_C10.png,0,1,0,0,0,0,0,0,0,0,1,0
00000803_written_25_C1_C10.png,0,1,0,0,0,0,0,0,0,0,1,0
00000804_written_26_C1_C10.png,0,1,0,0,0,0,0,0,0,0,1,0
00000805_written_27_C1_C10.png,0,1,0,0,0,0,0,0,0,0,1,0
00000806_written_28_C1_C10.png,0,1,0,0,0,0,0,0,0,0,1,0
00000807_written_29_C1_C10.png,0,1,0,0,0,0,0,0,0,0,1,0
00000808_written_2_C6_C11.png,0,0,0,0,0,0,1,0,0,0,0,1
00000809_written_30_C0.png,1,0,0,0,0,0,0,0,0,0,0,0
00000810_written_31_C0.png,1,0,0,0,0,0,0,0,0,0,0,0
00000811_written_32_C0.png,1,0,0,0,0,0,0,0,0,0,0,0
00000812_written_33_C0.png,1,0,0,0,0,0,0,0,0,0,0,0
00000813_written_34_C0.png,1,0,0,0,0,0,0,0,0,0,0,0
00000814_written_35_C0.png,1,0,0,0,0,0,0,0,0,0,0,0
00000815_written_37_C1_C10.png,0,1,0,0,0,0,0,0,0,0,1,0
00000816_written_36_C0.png,1,0,0,0,0,0,0,0,0,0,0,0
00000817_written_39_C1_C10.png,0,1,0,0,0,0,0,0,0,0,1,0
00000818_written_41_C0.png,1,0,0,0,0,0,0,0,0,0,0,0
00000819_written_3_C6_C10.png,0,0,0,0,0,0,1,0,0,0,1,0
00000820_written_42_C0.png,1,0,0,0,0,0,0,0,0,0,0,0
00000821_written_44_C0.png,1,0,0,0,0,0,0,0,0,0,0,0
00000822_written_40_C0.png,1,0,0,0,0,0,0,0,0,0,0,0
00000823_written_43_C0.png,1,0,0,0,0,0,0,0,0,0,0,0
00000824_written_38_C0.png,1,0,0,0,0,0,0,0,0,0,0,0
00000825_written_45_C0.png,1,0,0,0,0,0,0,0,0,0,0,0
00000826_written_46_C0.png,1,0,0,0,0,0,0,0,0,0,0,0
00000827_written_47_C0.png,1,0,0,0,0,0,0,0,0,0,0,0
00000828_written_48_C0.png,1,0,0,0,0,0,0,0,0,0,0,0
00000829_written_49_C0.png,1,0,0,0,0,0,0,0,0,0,0,0
00000830_written_4_C1_C10.png,0,1,0,0,0,0,0,0,0,0,1,0
00000831_written_5_C1_C10.png,0,1,0,0,0,0,0,0,0,0,1,0
00000832_written_6_C1_C10.png,0,1,0,0,0,0,0,0,0,0,1,0
00000833_written_7_C0.png,1,0,0,0,0,0,0,0,0,0,0,0
00000834_written_8_C1_C10.png,0,1,0,0,0,0,0,0,0,0,1,0
00000835_written_9_C1_C10.png,0,1,0,0,0,0,0,0,0,0,1,0
00000836_written_10_C3.png,0,0,0,1,0,0,0,0,0,0,0,0
00000837_written_12_C9.png,0,0,0,0,0,0,0,0,0,1,0,0
00000838_written_0_C0.png,1,0,0,0,0,0,0,0,0,0,0,0
00000839_written_11_C3_C4.png,0,0,0,1,1,0,0,0,0,0,0,0
00000840_written_14_C9.png,0,0,0,0,0,0,0,0,0,1,0,0
00000841_written_15_C3_C4.png,0,0,0,1,1,0,0,0,0,0,0,0
00000842_written_13_C0.png,1,0,0,0,0,0,0,0,0,0,0,0
00000843_written_16_C9.png,0,0,0,0,0,0,0,0,0,1,0,0
00000844_written_17_C3_C6.png,0,0,0,1,0,0,1,0,0,0,0,0
00000845_written_25_C1_C10.png,0,1,0,0,0,0,0,0,0,0,1,0
00000846_written_20_C1_C10.png,0,1,0,0,0,0,0,0,0,0,1,0
00000847_written_19_C0.png,1,0,0,0,0,0,0,0,0,0,0,0
00000848_written_1_C1_C10.png,0,1,0,0,0,0,0,0,0,0,1,0
00000849_written_22_C1_C10.png,0,1,0,0,0,0,0,0,0,0,1,0
00000850_written_18_C9.png,0,0,0,0,0,0,0,0,0,1,0,0
00000851_written_23_C1_C10.png,0,1,0,0,0,0,0,0,0,0,1,0
00000852_written_24_C0.png,1,0,0,0,0,0,0,0,0,0,0,0
00000853_written_21_C1_C10.png,0,1,0,0,0,0,0,0,0,0,1,0
00000854_written_26_C1_C10.png,0,1,0,0,0,0,0,0,0,0,1,0
00000855_written_28_C0.png,1,0,0,0,0,0,0,0,0,0,0,0
00000856_written_27_C0.png,1,0,0,0,0,0,0,0,0,0,0,0
00000857_written_29_C1_C10.png,0,1,0,0,0,0,0,0,0,0,1,0
00000858_written_34_C0.png,1,0,0,0,0,0,0,0,0,0,0,0
00000859_written_31_C1_C10.png,0,1,0,0,0,0,0,0,0,0,1,0
00000860_written_35_C0.png,1,0,0,0,0,0,0,0,0,0,0,0
00000861_written_2_C1_C10.png,0,1,0,0,0,0,0,0,0,0,1,0
00000862_written_32_C0.png,1,0,0,0,0,0,0,0,0,0,0,0
00000863_written_33_C0.png,1,0,0,0,0,0,0,0,0,0,0,0
00000864_written_37_C0.png,1,0,0,0,0,0,0,0,0,0,0,0
00000865_written_30_C0.png,1,0,0,0,0,0,0,0,0,0,0,0
00000866_written_36_C0.png,1,0,0,0,0,0,0,0,0,0,0,0
00000867_written_39_C0.png,1,0,0,0,0,0,0,0,0,0,0,0
00000868_written_42_C0.png,1,0,0,0,0,0,0,0,0,0,0,0
00000869_written_0_C0.png,1,0,0,0,0,0,0,0,0,0,0,0
00000870_written_37_C0.png,1,0,0,0,0,0,0,0,0,0,0,0
00000871_written_38_C0.png,1,0,0,0,0,0,0,0,0,0,0,0
00000872_written_40_C0.png,1,0,0,0,0,0,0,0,0,0,0,0
00000873_written_41_C0.png,1,0,0,0,0,0,0,0,0,0,0,0
00000874_written_4_C0.png,1,0,0,0,0,0,0,0,0,0,0,0
00000875_written_43_C0.png,1,0,0,0,0,0,0,0,0,0,0,0
00000876_written_44_C0.png,1,0,0,0,0,0,0,0,0,0,0,0
00000877_written_48_C0.png,1,0,0,0,0,0,0,0,0,0,0,0
00000878_written_7_C3.png,0,0,0,1,0,0,0,0,0,0,0,0
00000879_written_47_C0.png,1,0,0,0,0,0,0,0,0,0,0,0
00000880_written_9_C3_C4.png,0,0,0,1,1,0,0,0,0,0,0,0
00000881_written_6_C3_C4_C6.png,0,0,0,1,1,0,1,0,0,0,0,0
00000882_written_46_C0.png,1,0,0,0,0,0,0,0,0,0,0,0
00000883_written_5_C3_C9.png,0,0,0,1,0,0,0,0,0,1,0,0
00000884_written_45_C0.png,1,0,0,0,0,0,0,0,0,0,0,0
00000885_written_49_C0.png,1,0,0,0,0,0,0,0,0,0,0,0
00000886_written_8_C3_C9.png,0,0,0,1,0,0,0,0,0,1,0,0
00000887_written_10_C9.png,0,0,0,0,0,0,0,0,0,1,0,0
00000888_written_11_C6_C10.png,0,0,0,0,0,0,1,0,0,0,1,0
00000889_written_13_C1_C10.png,0,1,0,0,0,0,0,0,0,0,1,0
00000890_written_12_C1_C10.png,0,1,0,0,0,0,0,0,0,0,1,0
00000891_written_1_C0.png,1,0,0,0,0,0,0,0,0,0,0,0
00000892_written_14_C3_C9.png,0,0,0,1,0,0,0,0,0,1,0,0
00000893_written_15_C3.png,0,0,0,1,0,0,0,0,0,0,0,0
00000894_written_16_C3.png,0,0,0,1,0,0,0,0,0,0,0,0
00000895_written_17_C3.png,0,0,0,1,0,0,0,0,0,0,0,0
00000896_written_18_C3_C4.png,0,0,0,1,1,0,0,0,0,0,0,0
00000897_written_19_C3_C4.png,0,0,0,1,1,0,0,0,0,0,0,0
00000898_written_20_C4.png,0,0,0,0,1,0,0,0,0,0,0,0
00000899_written_21_C1_C10.png,0,1,0,0,0,0,0,0,0,0,1,0
00000900_written_2_C0.png,1,0,0,0,0,0,0,0,0,0,0,0
00000901_written_22_C1_C10.png,0,1,0,0,0,0,0,0,0,0,1,0
00000902_written_23_C6_C10.png,0,0,0,0,0,0,1,0,0,0,1,0
00000903_written_24_C1_C10.png,0,1,0,0,0,0,0,0,0,0,1,0
00000904_written_25_C6_C10.png,0,0,0,0,0,0,1,0,0,0,1,0
00000905_written_26_C3_C9.png,0,0,0,1,0,0,0,0,0,1,0,0
00000906_written_28_C3_C4.png,0,0,0,1,1,0,0,0,0,0,0,0
00000907_written_27_C1_C3_C4_C7.png,0,1,0,1,1,0,0,1,0,0,0,0
00000908_written_29_C0.png,1,0,0,0,0,0,0,0,0,0,0,0
00000909_written_3_C0.png,1,0,0,0,0,0,0,0,0,0,0,0
00000910_written_30_C0.png,1,0,0,0,0,0,0,0,0,0,0,0
00000911_written_31_C0.png,1,0,0,0,0,0,0,0,0,0,0,0
00000912_written_32_C3.png,0,0,0,1,0,0,0,0,0,0,0,0
00000913_written_33_C0.png,1,0,0,0,0,0,0,0,0,0,0,0
00000914_written_34_C0.png,1,0,0,0,0,0,0,0,0,0,0,0
00000915_written_35_C0.png,1,0,0,0,0,0,0,0,0,0,0,0
00000916_written_36_C0.png,1,0,0,0,0,0,0,0,0,0,0,0
00000917_written_36_C0.png,1,0,0,0,0,0,0,0,0,0,0,0
00000918_written_35_C0.png,1,0,0,0,0,0,0,0,0,0,0,0
00000919_written_37_C0.png,1,0,0,0,0,0,0,0,0,0,0,0
00000920_written_39_C0.png,1,0,0,0,0,0,0,0,0,0,0,0
00000921_written_38_C0.png,1,0,0,0,0,0,0,0,0,0,0,0
00000922_written_34_C1_C10.png,0,1,0,0,0,0,0,0,0,0,1,0
00000923_written_42_C0.png,1,0,0,0,0,0,0,0,0,0,0,0
00000924_written_40_C0.png,1,0,0,0,0,0,0,0,0,0,0,0
00000925_written_41_C0.png,1,0,0,0,0,0,0,0,0,0,0,0
00000926_written_43_C0.png,1,0,0,0,0,0,0,0,0,0,0,0
00000927_written_3_C1_C6_C10.png,0,1,0,0,0,0,1,0,0,0,1,0
00000928_written_45_C0.png,1,0,0,0,0,0,0,0,0,0,0,0
00000929_written_49_C0.png,1,0,0,0,0,0,0,0,0,0,0,0
00000930_written_47_C1_C10.png,0,1,0,0,0,0,0,0,0,0,1,0
00000931_written_46_C0.png,1,0,0,0,0,0,0,0,0,0,0,0
00000932_written_4_C1_C10.png,0,1,0,0,0,0,0,0,0,0,1,0
00000933_written_48_C0.png,1,0,0,0,0,0,0,0,0,0,0,0
00000934_written_44_C0.png,1,0,0,0,0,0,0,0,0,0,0,0
00000935_written_9_C0.png,1,0,0,0,0,0,0,0,0,0,0,0
00000936_written_6_C1_C10.png,0,1,0,0,0,0,0,0,0,0,1,0
00000937_written_8_C0.png,1,0,0,0,0,0,0,0,0,0,0,0
00000938_written_7_C3.png,0,0,0,1,0,0,0,0,0,0,0,0
00000939_written_5_C3.png,0,0,0,1,0,0,0,0,0,0,0,0
00000940_written_10_C0.png,1,0,0,0,0,0,0,0,0,0,0,0
00000941_written_11_C0.png,1,0,0,0,0,0,0,0,0,0,0,0
00000942_written_12_C0.png,1,0,0,0,0,0,0,0,0,0,0,0
00000943_written_0_C0.png,1,0,0,0,0,0,0,0,0,0,0,0
00000944_written_13_C0.png,1,0,0,0,0,0,0,0,0,0,0,0
00000945_written_14_C6_C10.png,0,0,0,0,0,0,1,0,0,0,1,0
00000946_written_15_C1_C10.png,0,1,0,0,0,0,0,0,0,0,1,0
00000947_written_16_C1_C6_C10.png,0,1,0,0,0,0,1,0,0,0,1,0
00000948_written_17_C1_C10.png,0,1,0,0,0,0,0,0,0,0,1,0
00000949_written_18_C1_C10.png,0,1,0,0,0,0,0,0,0,0,1,0
00000950_written_19_C0.png,1,0,0,0,0,0,0,0,0,0,0,0
00000951_written_20_C9.png,0,0,0,0,0,0,0,0,0,1,0,0
00000952_written_21_C3.png,0,0,0,1,0,0,0,0,0,0,0,0
00000953_written_1_C0.png,1,0,0,0,0,0,0,0,0,0,0,0
00000954_written_22_C3_C4_C7.png,0,0,0,1,1,0,0,1,0,0,0,0
00000955_written_23_C3_C7.png,0,0,0,1,0,0,0,1,0,0,0,0
00000956_written_24_C0.png,1,0,0,0,0,0,0,0,0,0,0,0
00000957_written_25_C1_C10.png,0,1,0,0,0,0,0,0,0,0,1,0
00000958_written_26_C1_C6_C10.png,0,1,0,0,0,0,1,0,0,0,1,0
00000959_written_27_C0.png,1,0,0,0,0,0,0,0,0,0,0,0
00000960_written_28_C1_C6_C10.png,0,1,0,0,0,0,1,0,0,0,1,0
00000961_written_29_C0.png,1,0,0,0,0,0,0,0,0,0,0,0
00000962_written_2_C0.png,1,0,0,0,0,0,0,0,0,0,0,0
00000963_written_30_C0.png,1,0,0,0,0,0,0,0,0,0,0,0
00000964_written_31_C1_C6_C10.png,0,1,0,0,0,0,1,0,0,0,1,0
00000965_written_32_C0.png,1,0,0,0,0,0,0,0,0,0,0,0
00000966_written_33_C1_C6_C10.png,0,1,0,0,0,0,1,0,0,0,1,0
00000967_written_10_C3_C4.png,0,0,0,1,1,0,0,0,0,0,0,0
00000968_written_11_C3_C9.png,0,0,0,1,0,0,0,0,0,1,0,0
00000969_written_12_C3_C4.png,0,0,0,1,1,0,0,0,0,0,0,0
00000970_written_0_C0.png,1,0,0,0,0,0,0,0,0,0,0,0
00000971_written_13_C3_C4.png,0,0,0,1,1,0,0,0,0,0,0,0
00000972_written_14_C1_C10.png,0,1,0,0,0,0,0,0,0,0,1,0
00000973_written_15_C3_C9.png,0,0,0,1,0,0,0,0,0,1,0,0
00000974_written_16_C3.png,0,0,0,1,0,0,0,0,0,0,0,0
00000975_written_17_C1_C10.png,0,1,0,0,0,0,0,0,0,0,1,0
00000976_written_1_C1_C10.png,0,1,0,0,0,0,0,0,0,0,1,0
00000977_written_18_C1_C10.png,0,1,0,0,0,0,0,0,0,0,1,0
00000978_written_19_C1_C10.png,0,1,0,0,0,0,0,0,0,0,1,0
00000979_written_20_C1_C10.png,0,1,0,0,0,0,0,0,0,0,1,0
00000980_written_21_C1_C10.png,0,1,0,0,0,0,0,0,0,0,1,0
00000981_written_22_C1_C10.png,0,1,0,0,0,0,0,0,0,0,1,0
00000982_written_23_C1_C10.png,0,1,0,0,0,0,0,0,0,0,1,0
00000983_written_24_C1_C10.png,0,1,0,0,0,0,0,0,0,0,1,0
00000984_written_25_C1_C10.png,0,1,0,0,0,0,0,0,0,0,1,0
00000985_written_26_C1.png,0,1,0,0,0,0,0,0,0,0,0,0
00000986_written_27_C1_C10.png,0,1,0,0,0,0,0,0,0,0,1,0
00000987_written_28_C1_C10.png,0,1,0,0,0,0,0,0,0,0,1,0
00000988_written_29_C0.png,1,0,0,0,0,0,0,0,0,0,0,0
00000989_written_37_C1_C10_C11.png,0,1,0,0,0,0,0,0,0,0,1,1
00000990_written_3_C1_C10_C11.png,0,1,0,0,0,0,0,0,0,0,1,1
00000991_written_32_C1_C10_C11.png,0,1,0,0,0,0,0,0,0,0,1,1
00000992_written_14_C9.png,0,0,0,0,0,0,0,0,0,1,0,0
00000993_written_30_C1_C10_C11.png,0,1,0,0,0,0,0,0,0,0,1,1
00000994_written_4_C1_C10_C11.png,0,1,0,0,0,0,0,0,0,0,1,1
00000995_written_27_C3_C11.png,0,0,0,1,0,0,0,0,0,0,0,1
00000996_written_36_C1_C10_C11.png,0,1,0,0,0,0,0,0,0,0,1,1
00000997_written_17_C11.png,0,0,0,0,0,0,0,0,0,0,0,1
00000998_written_8_C3_C4_C11.png,0,0,0,1,1,0,0,0,0,0,0,1
00000999_written_2_C1_C10_C11.png,0,1,0,0,0,0,0,0,0,0,1,1
00001000_written_18_C11.png,0,0,0,0,0,0,0,0,0,0,0,1
00001001_written_38_C1_C10_C11.png,0,1,0,0,0,0,0,0,0,0,1,1
00001002_written_21_C11.png,0,0,0,0,0,0,0,0,0,0,0,1
00001003_written_43_C4_C11.png,0,0,0,0,1,0,0,0,0,0,0,1
00001004_written_6_C1_C10_C11.png,0,1,0,0,0,0,0,0,0,0,1,1
00001005_written_39_C11.png,0,0,0,0,0,0,0,0,0,0,0,1
00001006_written_48_C3_C11.png,0,0,0,1,0,0,0,0,0,0,0,1
00001007_written_13_C3_C11.png,0,0,0,1,0,0,0,0,0,0,0,1
00001008_written_11_C3_C11.png,0,0,0,1,0,0,0,0,0,0,0,1
00001009_written_34_C3.png,0,0,0,1,0,0,0,0,0,0,0,0
00001010_written_1_C11.png,0,0,0,0,0,0,0,0,0,0,0,1
00001011_written_10_C3_C4_C11.png,0,0,0,1,1,0,0,0,0,0,0,1
00001012_written_24_C11.png,0,0,0,0,0,0,0,0,0,0,0,1
00001013_written_29_C9.png,0,0,0,0,0,0,0,0,0,1,0,0
00001014_written_42_C3_C4_C11.png,0,0,0,1,1,0,0,0,0,0,0,1
00001015_written_41_C11.png,0,0,0,0,0,0,0,0,0,0,0,1
00001016_written_16_C11.png,0,0,0,0,0,0,0,0,0,0,0,1
00001017_written_19_C11.png,0,0,0,0,0,0,0,0,0,0,0,1
00001018_written_15_C3_C4_C11.png,0,0,0,1,1,0,0,0,0,0,0,1
00001019_written_25_C11.png,0,0,0,0,0,0,0,0,0,0,0,1
00001020_written_7_C1_C10_C11.png,0,1,0,0,0,0,0,0,0,0,1,1
00001021_written_33_C9.png,0,0,0,0,0,0,0,0,0,1,0,0
00001022_written_23_C11.png,0,0,0,0,0,0,0,0,0,0,0,1
00001023_written_31_C3_C11.png,0,0,0,1,0,0,0,0,0,0,0,1
00001024_written_35_C3_C4_C11.png,0,0,0,1,1,0,0,0,0,0,0,1
00001025_written_9_C4_C11.png,0,0,0,0,1,0,0,0,0,0,0,1
00001026_written_46_C11.png,0,0,0,0,0,0,0,0,0,0,0,1
00001027_written_12_C9.png,0,0,0,0,0,0,0,0,0,1,0,0
00001028_written_5_C1_C10_C11.png,0,1,0,0,0,0,0,0,0,0,1,1
00001029_written_44_C11.png,0,0,0,0,0,0,0,0,0,0,0,1
00001030_written_26_C11.png,0,0,0,0,0,0,0,0,0,0,0,1
00001031_written_22_C11.png,0,0,0,0,0,0,0,0,0,0,0,1
00001032_written_28_C11.png,0,0,0,0,0,0,0,0,0,0,0,1
00001033_written_47_C11.png,0,0,0,0,0,0,0,0,0,0,0,1
00001034_written_45_C4_C11.png,0,0,0,0,1,0,0,0,0,0,0,1
00001035_written_40_C11.png,0,0,0,0,0,0,0,0,0,0,0,1
00001036_written_20_C11.png,0,0,0,0,0,0,0,0,0,0,0,1
